"TIPO_REG";"VOLSER";"FSEQ";"DSNAME";"FLAG";"CRDATE";"EXDATE";"CRIT_NUM";"DIAS";"UNID_RET";"FILLER_X_100";"DEVCODE";"DEVTYPE";"COFRDSN";"FSQ";"VSQ";"FILLER_X_101";"MFL";"RELI";"RELS";"OWNER";"CATDSN";"VOLCNT";"CRTIME";"GDGACT";"FILLER_X_102";"PREVVOL";"NEXTVOL";"GDGPOS";"GDGNUM";"GDGAFM";"GDGOCCUP";"GDGLIM";"GDGCRIT";"FILLER_X_103"
"0x10";"B52219";"0x0001";"BRP.GAP.GAPF510.CDC.D160331.SS000128        ";"0x0C";"0x0116096C";"0x0000000F";"0x0052";"0x270F";"D";"0x0000000000";"0x78048081";"3490    ";"0x0000000000000000000000000000000000000000000000000000000000000000000000000000000000000000";"0x0001";"0x0004";"0x00";"0x00";"0x00";"0x00";"        ";"CATALOG.TESTECAT.S00                        ";"0x0005";"0x0163445F";"0x0000";"0x00000000";"R24242";"B63411";"0x0000";"0x0000";"0x0000";"0x0000";"0x0000";"0x0000";"0x0000000000000000000000000000000000000000000000000000"
"0x10";"B53536";"0x0001";"BRP.GAP.GAPF510.CDC.D151231.SS000128        ";"0x0C";"0x0116017C";"0x0000000F";"0x0052";"0x270F";"D";"0x0000000000";"0x78048081";"3490    ";"0x0000000000000000000000000000000000000000000000000000000000000000000000000000000000000000";"0x0001";"0x0001";"0x00";"0x00";"0x00";"0x00";"        ";"CATALOG.TESTECAT.S00                        ";"0x0008";"0x0163445F";"0x0000";"0x00000000";"      ";"B57107";"0x0000";"0x0000";"0x0000";"0x0000";"0x0000";"0x0000";"0x0000000000000000000000000000000000000000000000000000"
"0x10";"B57107";"0x0001";"BRP.GAP.GAPF510.CDC.D151231.SS000128        ";"0x0C";"0x0116017C";"0x0000000F";"0x0052";"0x270F";"D";"0x0000000000";"0x78048081";"3490    ";"0x0000000000000000000000000000000000000000000000000000000000000000000000000000000000000000";"0x0001";"0x0002";"0x00";"0x00";"0x00";"0x00";"        ";"CATALOG.TESTECAT.S00                        ";"0x0008";"0x0163445F";"0x0000";"0x00000000";"B53536";"B59147";"0x0000";"0x0000";"0x0000";"0x0000";"0x0000";"0x0000";"0x0000000000000000000000000000000000000000000000000000"
"0x10";"B59147";"0x0001";"BRP.GAP.GAPF510.CDC.D151231.SS000128        ";"0x0C";"0x0116017C";"0x0000000F";"0x0052";"0x270F";"D";"0x0000000000";"0x78048081";"3490    ";"0x0000000000000000000000000000000000000000000000000000000000000000000000000000000000000000";"0x0001";"0x0003";"0x00";"0x00";"0x00";"0x00";"        ";"CATALOG.TESTECAT.S00                        ";"0x0008";"0x0163445F";"0x0000";"0x00000000";"B57107";"B59950";"0x0000";"0x0000";"0x0000";"0x0000";"0x0000";"0x0000";"0x0000000000000000000000000000000000000000000000000000"
"0x10";"B59950";"0x0001";"BRP.GAP.GAPF510.CDC.D151231.SS000128        ";"0x0C";"0x0116017C";"0x0000000F";"0x0052";"0x270F";"D";"0x0000000000";"0x78048081";"3490    ";"0x0000000000000000000000000000000000000000000000000000000000000000000000000000000000000000";"0x0001";"0x0004";"0x00";"0x00";"0x00";"0x00";"        ";"CATALOG.TESTECAT.S00                        ";"0x0008";"0x0163445F";"0x0000";"0x00000000";"B59147";"B60842";"0x0000";"0x0000";"0x0000";"0x0000";"0x0000";"0x0000";"0x0000000000000000000000000000000000000000000000000000"
"0x10";"B60842";"0x0001";"BRP.GAP.GAPF510.CDC.D151231.SS000128        ";"0x0C";"0x0116017C";"0x0000000F";"0x0052";"0x270F";"D";"0x0000000000";"0x78048081";"3490    ";"0x0000000000000000000000000000000000000000000000000000000000000000000000000000000000000000";"0x0001";"0x0005";"0x00";"0x00";"0x00";"0x00";"        ";"CATALOG.TESTECAT.S00                        ";"0x0008";"0x0163445F";"0x0000";"0x00000000";"B59950";"B62048";"0x0000";"0x0000";"0x0000";"0x0000";"0x0000";"0x0000";"0x0000000000000000000000000000000000000000000000000000"
"0x10";"B62048";"0x0001";"BRP.GAP.GAPF510.CDC.D151231.SS000128        ";"0x0C";"0x0116017C";"0x0000000F";"0x0052";"0x270F";"D";"0x0000000000";"0x78048081";"3490    ";"0x0000000000000000000000000000000000000000000000000000000000000000000000000000000000000000";"0x0001";"0x0006";"0x00";"0x00";"0x00";"0x00";"        ";"CATALOG.TESTECAT.S00                        ";"0x0008";"0x0163445F";"0x0000";"0x00000000";"B60842";"B63049";"0x0000";"0x0000";"0x0000";"0x0000";"0x0000";"0x0000";"0x0000000000000000000000000000000000000000000000000000"
"0x10";"B63049";"0x0001";"BRP.GAP.GAPF510.CDC.D151231.SS000128        ";"0x0C";"0x0116017C";"0x0000000F";"0x0052";"0x270F";"D";"0x0000000000";"0x78048081";"3490    ";"0x0000000000000000000000000000000000000000000000000000000000000000000000000000000000000000";"0x0001";"0x0007";"0x00";"0x00";"0x00";"0x00";"        ";"CATALOG.TESTECAT.S00                        ";"0x0008";"0x0163445F";"0x0000";"0x00000000";"B62048";"B63543";"0x0000";"0x0000";"0x0000";"0x0000";"0x0000";"0x0000";"0x0000000000000000000000000000000000000000000000000000"
"0x10";"B63411";"0x0001";"BRP.GAP.GAPF510.CDC.D160331.SS000128        ";"0x0C";"0x0116096C";"0x0000000F";"0x0052";"0x270F";"D";"0x0000000000";"0x78048081";"3490    ";"0x0000000000000000000000000000000000000000000000000000000000000000000000000000000000000000";"0x0001";"0x0005";"0x00";"0x00";"0x00";"0x00";"        ";"CATALOG.TESTECAT.S00                        ";"0x0005";"0x0163445F";"0x0000";"0x00000000";"B52219";"      ";"0x0000";"0x0000";"0x0000";"0x0000";"0x0000";"0x0000";"0x0000000000000000000000000000000000000000000000000000"
"0x10";"B63543";"0x0001";"BRP.GAP.GAPF510.CDC.D151231.SS000128        ";"0x0C";"0x0116017C";"0x0000000F";"0x0052";"0x270F";"D";"0x0000000000";"0x78048081";"3490    ";"0x0000000000000000000000000000000000000000000000000000000000000000000000000000000000000000";"0x0001";"0x0008";"0x00";"0x00";"0x00";"0x00";"        ";"CATALOG.TESTECAT.S00                        ";"0x0008";"0x0163445F";"0x0000";"0x00000000";"B63049";"      ";"0x0000";"0x0000";"0x0000";"0x0000";"0x0000";"0x0000";"0x0000000000000000000000000000000000000000000000000000"
"0x10";"GFS000";"0x0001";"F.AFMIVP28.G0001V00                         ";"0x00";"0x0119220C";"0x0000000F";"0x0034";"0x270F";"D";"0x0000000000";"0x78048083";"3590-1  ";"0x0000000000000000000000000000000000000000000000000000000000000000000000000000000000000000";"0x0001";"0x0001";"0x00";"0x00";"0x00";"0x00";"        ";"ICFCAT1X.AFM.S01                            ";"0x0001";"0x0105457F";"0x0001";"0x00000000";"      ";"      ";"0x0000";"0x0001";"0x0001";"0x0001";"0x0002";"0x0000";"0x0000000000000000000000000000000000000000000000000000"
"0x10";"GF0111";"0x0001";"TESTE.SCRXCF.GFSB.F005                      ";"0x00";"0x0116181F";"0x0000000F";"0x0052";"0x270F";"D";"0x0000000000";"0x78048081";"3490    ";"0x0000000000000000000000000000000000000000000000000000000000000000000000000000000000000000";"0x0001";"0x0001";"0x00";"0x00";"0x00";"0x00";"TESTMF1 ";"CATALOG.TESTECAT.S00                        ";"0x0001";"0x0175036F";"0x0000";"0x00000000";"      ";"      ";"0x0000";"0x0000";"0x0000";"0x0000";"0x0000";"0x0000";"0x0000000000000000000000000000000000000000000000000000"
"0x10";"GF0116";"0x0001";"TESTE.SCRXCF.GFSB.F006                      ";"0x00";"0x0116181F";"0x0000000F";"0x0052";"0x270F";"D";"0x0000000000";"0x78048081";"3490    ";"0x0000000000000000000000000000000000000000000000000000000000000000000000000000000000000000";"0x0001";"0x0001";"0x00";"0x00";"0x00";"0x00";"TESTMF1 ";"CATALOG.TESTECAT.S00                        ";"0x0001";"0x0175408F";"0x0000";"0x00000000";"      ";"      ";"0x0000";"0x0000";"0x0000";"0x0000";"0x0000";"0x0000";"0x0000000000000000000000000000000000000000000000000000"
"0x10";"GF0124";"0x0001";"TESTE.SCRXCF.GFSB.F007                      ";"0x00";"0x0116182F";"0x0000000F";"0x0052";"0x270F";"D";"0x0000000000";"0x78048081";"3490    ";"0x0000000000000000000000000000000000000000000000000000000000000000000000000000000000000000";"0x0001";"0x0001";"0x00";"0x00";"0x00";"0x00";"TESTMF1 ";"CATALOG.TESTECAT.S00                        ";"0x0001";"0x0095836F";"0x0000";"0x00000000";"      ";"      ";"0x0000";"0x0000";"0x0000";"0x0000";"0x0000";"0x0000";"0x0000000000000000000000000000000000000000000000000000"
"0x10";"GF0125";"0x0001";"TESTE.SCRXCF.GFSB.F008                      ";"0x00";"0x0116182F";"0x0000000F";"0x0052";"0x270F";"D";"0x0000000000";"0x78048081";"3490    ";"0x0000000000000000000000000000000000000000000000000000000000000000000000000000000000000000";"0x0001";"0x0001";"0x00";"0x00";"0x00";"0x00";"TESTMF1 ";"CATALOG.TESTECAT.S00                        ";"0x0001";"0x0104400F";"0x0000";"0x00000000";"      ";"      ";"0x0000";"0x0000";"0x0000";"0x0000";"0x0000";"0x0000";"0x0000000000000000000000000000000000000000000000000000"
"0x10";"GF0129";"0x0001";"TESTE.SCRXCF.GFSB.F001                      ";"0x00";"0x0116173F";"0x0000000F";"0x0052";"0x270F";"D";"0x0000000000";"0x78048081";"3490    ";"0x0000000000000000000000000000000000000000000000000000000000000000000000000000000000000000";"0x0001";"0x0001";"0x00";"0x00";"0x00";"0x00";"TESTMF1 ";"CATALOG.TESTECAT.S00                        ";"0x0001";"0x0104122F";"0x0000";"0x00000000";"      ";"      ";"0x0000";"0x0000";"0x0000";"0x0000";"0x0000";"0x0000";"0x0000000000000000000000000000000000000000000000000000"
"0x10";"GF0130";"0x0001";"TESTE.SCRXCF.GFSB.F009                      ";"0x00";"0x0116182F";"0x0000000F";"0x0052";"0x270F";"D";"0x0000000000";"0x78048081";"3490    ";"0x0000000000000000000000000000000000000000000000000000000000000000000000000000000000000000";"0x0001";"0x0001";"0x00";"0x00";"0x00";"0x00";"TESTMF1 ";"CATALOG.TESTECAT.S00                        ";"0x0001";"0x0111424F";"0x0000";"0x00000000";"      ";"      ";"0x0000";"0x0000";"0x0000";"0x0000";"0x0000";"0x0000";"0x0000000000000000000000000000000000000000000000000000"
"0x10";"GF0131";"0x0001";"TESTE.SCRXCF.GFSB.F010                      ";"0x00";"0x0116182F";"0x0000000F";"0x0052";"0x270F";"D";"0x0000000000";"0x78048081";"3490    ";"0x0000000000000000000000000000000000000000000000000000000000000000000000000000000000000000";"0x0001";"0x0001";"0x00";"0x00";"0x00";"0x00";"TESTMF1 ";"CATALOG.TESTECAT.S00                        ";"0x0001";"0x0114322F";"0x0000";"0x00000000";"      ";"      ";"0x0000";"0x0000";"0x0000";"0x0000";"0x0000";"0x0000";"0x0000000000000000000000000000000000000000000000000000"
"0x10";"GF0132";"0x0001";"TESTE.SCRXCF.GFSB.F011                      ";"0x00";"0x0116182F";"0x0000000F";"0x0052";"0x270F";"D";"0x0000000000";"0x78048081";"3490    ";"0x0000000000000000000000000000000000000000000000000000000000000000000000000000000000000000";"0x0001";"0x0001";"0x00";"0x00";"0x00";"0x00";"TESTMF1 ";"CATALOG.TESTECAT.S00                        ";"0x0001";"0x0141622F";"0x0000";"0x00000000";"      ";"      ";"0x0000";"0x0000";"0x0000";"0x0000";"0x0000";"0x0000";"0x0000000000000000000000000000000000000000000000000000"
"0x10";"GF0133";"0x0001";"TESTE.SCRXCF.GFSB.F012                      ";"0x00";"0x0116182F";"0x0000000F";"0x0052";"0x270F";"D";"0x0000000000";"0x78048081";"3490    ";"0x0000000000000000000000000000000000000000000000000000000000000000000000000000000000000000";"0x0001";"0x0001";"0x00";"0x00";"0x00";"0x00";"TESTMF1 ";"CATALOG.TESTECAT.S00                        ";"0x0001";"0x0144057F";"0x0000";"0x00000000";"      ";"      ";"0x0000";"0x0000";"0x0000";"0x0000";"0x0000";"0x0000";"0x0000000000000000000000000000000000000000000000000000"
"0x10";"GF0134";"0x0001";"TESTE.SCRXCF.GFSB.F013                      ";"0x00";"0x0116182F";"0x0000000F";"0x0052";"0x270F";"D";"0x0000000000";"0x78048081";"3490    ";"0x0000000000000000000000000000000000000000000000000000000000000000000000000000000000000000";"0x0001";"0x0001";"0x00";"0x00";"0x00";"0x00";"TESTMF1 ";"CATALOG.TESTECAT.S00                        ";"0x0001";"0x0145213F";"0x0000";"0x00000000";"      ";"      ";"0x0000";"0x0000";"0x0000";"0x0000";"0x0000";"0x0000";"0x0000000000000000000000000000000000000000000000000000"
"0x10";"GF0135";"0x0001";"TESTE.SCRXCF.GFSB.F014                      ";"0x00";"0x0116182F";"0x0000000F";"0x0052";"0x270F";"D";"0x0000000000";"0x78048081";"3490    ";"0x0000000000000000000000000000000000000000000000000000000000000000000000000000000000000000";"0x0001";"0x0001";"0x00";"0x00";"0x00";"0x00";"TESTMF1 ";"CATALOG.TESTECAT.S00                        ";"0x0001";"0x0145411F";"0x0000";"0x00000000";"      ";"      ";"0x0000";"0x0000";"0x0000";"0x0000";"0x0000";"0x0000";"0x0000000000000000000000000000000000000000000000000000"
"0x10";"GF0136";"0x0001";"TESTE.SCRXCF.GFSB.F015                      ";"0x00";"0x0116182F";"0x0000000F";"0x0052";"0x270F";"D";"0x0000000000";"0x78048081";"3490    ";"0x0000000000000000000000000000000000000000000000000000000000000000000000000000000000000000";"0x0001";"0x0001";"0x00";"0x00";"0x00";"0x00";"TESTMF1 ";"CATALOG.TESTECAT.S00                        ";"0x0001";"0x0151752F";"0x0000";"0x00000000";"      ";"      ";"0x0000";"0x0000";"0x0000";"0x0000";"0x0000";"0x0000";"0x0000000000000000000000000000000000000000000000000000"
"0x10";"GF0137";"0x0001";"TESTE.SCRXCF.GFSA.F020                      ";"0x00";"0x0116182F";"0x0000000F";"0x0052";"0x270F";"D";"0x0000000000";"0x78048081";"3490    ";"0x0000000000000000000000000000000000000000000000000000000000000000000000000000000000000000";"0x0001";"0x0001";"0x00";"0x00";"0x00";"0x00";"TESTMF4 ";"CATALOG.TESTECAT.S00                        ";"0x0001";"0x0154647F";"0x0000";"0x00000000";"      ";"      ";"0x0000";"0x0000";"0x0000";"0x0000";"0x0000";"0x0000";"0x0000000000000000000000000000000000000000000000000000"
"0x10";"GF0138";"0x0001";"TESTE.SCRXCF.GFSB.F020                      ";"0x00";"0x0116182F";"0x0000000F";"0x0052";"0x270F";"D";"0x0000000000";"0x78048081";"3490    ";"0x0000000000000000000000000000000000000000000000000000000000000000000000000000000000000000";"0x0001";"0x0001";"0x00";"0x00";"0x00";"0x00";"TESTMF1 ";"CATALOG.TESTECAT.S00                        ";"0x0001";"0x0174048F";"0x0000";"0x00000000";"      ";"      ";"0x0000";"0x0000";"0x0000";"0x0000";"0x0000";"0x0000";"0x0000000000000000000000000000000000000000000000000000"
"0x10";"GF0139";"0x0001";"TESTE.SCRXCF.GFSA.F021                      ";"0x00";"0x0116183F";"0x0000000F";"0x0052";"0x270F";"D";"0x0000000000";"0x78048081";"3490    ";"0x0000000000000000000000000000000000000000000000000000000000000000000000000000000000000000";"0x0001";"0x0001";"0x00";"0x00";"0x00";"0x00";"TESTMF4 ";"CATALOG.TESTECAT.S00                        ";"0x0001";"0x0091207F";"0x0000";"0x00000000";"      ";"      ";"0x0000";"0x0000";"0x0000";"0x0000";"0x0000";"0x0000";"0x0000000000000000000000000000000000000000000000000000"
"0x10";"GF0145";"0x0001";"TESTE.SCRXCF.GFSA.F022                      ";"0x00";"0x0116183F";"0x0000000F";"0x0052";"0x270F";"D";"0x0000000000";"0x78048081";"3490    ";"0x0000000000000000000000000000000000000000000000000000000000000000000000000000000000000000";"0x0001";"0x0001";"0x00";"0x00";"0x00";"0x00";"TESTMF4 ";"CATALOG.TESTECAT.S00                        ";"0x0001";"0x0102238F";"0x0000";"0x00000000";"      ";"      ";"0x0000";"0x0000";"0x0000";"0x0000";"0x0000";"0x0000";"0x0000000000000000000000000000000000000000000000000000"
"0x10";"GF0146";"0x0001";"TESTE.SCRXCF.GFSA.F023                      ";"0x00";"0x0116183F";"0x0000000F";"0x0052";"0x270F";"D";"0x0000000000";"0x78048081";"3490    ";"0x0000000000000000000000000000000000000000000000000000000000000000000000000000000000000000";"0x0001";"0x0001";"0x00";"0x00";"0x00";"0x00";"TESTMF4 ";"CATALOG.TESTECAT.S00                        ";"0x0001";"0x0104635F";"0x0000";"0x00000000";"      ";"      ";"0x0000";"0x0000";"0x0000";"0x0000";"0x0000";"0x0000";"0x0000000000000000000000000000000000000000000000000000"
"0x10";"GF0150";"0x0001";"TESTE.SCRXCF.GFSA.F024                      ";"0x00";"0x0116183F";"0x0000000F";"0x0052";"0x270F";"D";"0x0000000000";"0x78048081";"3490    ";"0x0000000000000000000000000000000000000000000000000000000000000000000000000000000000000000";"0x0001";"0x0001";"0x00";"0x00";"0x00";"0x00";"TESTMF4 ";"CATALOG.TESTECAT.S00                        ";"0x0001";"0x0112745F";"0x0000";"0x00000000";"      ";"      ";"0x0000";"0x0000";"0x0000";"0x0000";"0x0000";"0x0000";"0x0000000000000000000000000000000000000000000000000000"
"0x10";"GF0151";"0x0001";"TESTE.SCRXCF.GFSA.F025                      ";"0x00";"0x0116183F";"0x0000000F";"0x0052";"0x270F";"D";"0x0000000000";"0x78048081";"3490    ";"0x0000000000000000000000000000000000000000000000000000000000000000000000000000000000000000";"0x0001";"0x0001";"0x00";"0x00";"0x00";"0x00";"TESTMF4 ";"CATALOG.TESTECAT.S00                        ";"0x0001";"0x0150220F";"0x0000";"0x00000000";"      ";"      ";"0x0000";"0x0000";"0x0000";"0x0000";"0x0000";"0x0000";"0x0000000000000000000000000000000000000000000000000000"
"0x10";"GF0152";"0x0001";"TESTE.SCRXCF.GFSA.F026                      ";"0x00";"0x0116183F";"0x0000000F";"0x0052";"0x270F";"D";"0x0000000000";"0x78048081";"3490    ";"0x0000000000000000000000000000000000000000000000000000000000000000000000000000000000000000";"0x0001";"0x0001";"0x00";"0x00";"0x00";"0x00";"TESTMF4 ";"CATALOG.TESTECAT.S00                        ";"0x0001";"0x0155117F";"0x0000";"0x00000000";"      ";"      ";"0x0000";"0x0000";"0x0000";"0x0000";"0x0000";"0x0000";"0x0000000000000000000000000000000000000000000000000000"
"0x10";"GF0153";"0x0001";"TESTE.SCRXCF.GFSA.F027                      ";"0x00";"0x0116183F";"0x0000000F";"0x0052";"0x270F";"D";"0x0000000000";"0x78048081";"3490    ";"0x0000000000000000000000000000000000000000000000000000000000000000000000000000000000000000";"0x0001";"0x0001";"0x00";"0x00";"0x00";"0x00";"TESTMF4 ";"CATALOG.TESTECAT.S00                        ";"0x0001";"0x0155522F";"0x0000";"0x00000000";"      ";"      ";"0x0000";"0x0000";"0x0000";"0x0000";"0x0000";"0x0000";"0x0000000000000000000000000000000000000000000000000000"
"0x10";"GF0154";"0x0001";"TESTE.SCRXCF.GFSA.F028                      ";"0x00";"0x0116183F";"0x0000000F";"0x0052";"0x270F";"D";"0x0000000000";"0x78048081";"3490    ";"0x0000000000000000000000000000000000000000000000000000000000000000000000000000000000000000";"0x0001";"0x0001";"0x00";"0x00";"0x00";"0x00";"TESTMF4 ";"CATALOG.TESTECAT.S00                        ";"0x0001";"0x0160339F";"0x0000";"0x00000000";"      ";"      ";"0x0000";"0x0000";"0x0000";"0x0000";"0x0000";"0x0000";"0x0000000000000000000000000000000000000000000000000000"
"0x10";"GF0155";"0x0001";"TESTE.SCRXCF.GFSB.F030                      ";"0x00";"0x0116187F";"0x0000000F";"0x0052";"0x270F";"D";"0x0000000000";"0x78048081";"3490    ";"0x0000000000000000000000000000000000000000000000000000000000000000000000000000000000000000";"0x0001";"0x0001";"0x00";"0x00";"0x00";"0x00";"TESTMF1 ";"CATALOG.TESTECAT.S00                        ";"0x0001";"0x0173342F";"0x0000";"0x00000000";"      ";"      ";"0x0000";"0x0000";"0x0000";"0x0000";"0x0000";"0x0000";"0x0000000000000000000000000000000000000000000000000000"
"0x10";"GF0161";"0x0002";"F.BLP.TESTE.F002                            ";"0x00";"0x0114142F";"0x0000000F";"0x0052";"0x270F";"D";"0x0000000000";"0x78048081";"3490    ";"0x0000000000000000000000000000000000000000000000000000000000000000000000000000000000000000";"0x0002";"0x0001";"0x00";"0x00";"0x00";"0x00";"ICEBLP  ";"ICFCAT1X.AFM.S01                            ";"0x0001";"0x0162524F";"0x0000";"0x00000000";"      ";"      ";"0x0000";"0x0000";"0x0000";"0x0000";"0x0000";"0x0000";"0x0000000000000000000000000000000000000000000000000000"
"0x10";"GF0161";"0x0002";"F.BLP.TESTE.F003                            ";"0x00";"0x0114142F";"0x0000000F";"0x0052";"0x270F";"D";"0x0000000000";"0x78048081";"3490    ";"0x0000000000000000000000000000000000000000000000000000000000000000000000000000000000000000";"0x0002";"0x0001";"0x00";"0x00";"0x00";"0x00";"ICEBLP  ";"ICFCAT1X.AFM.S01                            ";"0x0001";"0x0162649F";"0x0000";"0x00000000";"      ";"      ";"0x0000";"0x0000";"0x0000";"0x0000";"0x0000";"0x0000";"0x0000000000000000000000000000000000000000000000000000"
"0x10";"GF0166";"0x0001";"TESTE.SCRXCF.PTF.GFSB.F001                  ";"0x00";"0x0116197F";"0x0000000F";"0x0052";"0x270F";"D";"0x0000000000";"0x78048081";"3490    ";"0x0000000000000000000000000000000000000000000000000000000000000000000000000000000000000000";"0x0001";"0x0001";"0x00";"0x00";"0x00";"0x00";"TESTMF4 ";"CATALOG.TESTECAT.S00                        ";"0x0001";"0x0152646F";"0x0000";"0x00000000";"      ";"      ";"0x0000";"0x0000";"0x0000";"0x0000";"0x0000";"0x0000";"0x0000000000000000000000000000000000000000000000000000"
"0x10";"GF0167";"0x0001";"TESTE.SCRXCF.PTF.GFSA.F001                  ";"0x00";"0x0116197F";"0x0000000F";"0x0052";"0x270F";"D";"0x0000000000";"0x78048081";"3490    ";"0x0000000000000000000000000000000000000000000000000000000000000000000000000000000000000000";"0x0001";"0x0001";"0x00";"0x00";"0x00";"0x00";"TESTMF4 ";"CATALOG.TESTECAT.S00                        ";"0x0001";"0x0153421F";"0x0000";"0x00000000";"      ";"      ";"0x0000";"0x0000";"0x0000";"0x0000";"0x0000";"0x0000";"0x0000000000000000000000000000000000000000000000000000"
"0x10";"GF0168";"0x0001";"TESTE.SCRXCF.PTF.GFSB.F002                  ";"0x00";"0x0116197F";"0x0000000F";"0x0052";"0x270F";"D";"0x0000000000";"0x78048081";"3490    ";"0x0000000000000000000000000000000000000000000000000000000000000000000000000000000000000000";"0x0001";"0x0001";"0x00";"0x00";"0x00";"0x00";"TESTMF4 ";"CATALOG.TESTECAT.S00                        ";"0x0001";"0x0154116F";"0x0000";"0x00000000";"      ";"      ";"0x0000";"0x0000";"0x0000";"0x0000";"0x0000";"0x0000";"0x0000000000000000000000000000000000000000000000000000"
"0x10";"GF0235";"0x0004";"F.D301.DSNDB2.DBD01.D2012219.H135703        ";"0x00";"0x0112219F";"0x0000000F";"0x000C";"0x270F";"D";"0x0000000000";"0x78048081";"3490    ";"0x0000000000000000000000000000000000000000000000000000000000000000000000000000000000000000";"0x0004";"0x0001";"0x00";"0x00";"0x00";"0x00";"DSNUTIL ";"ICFCAT1X.AFM.S01                            ";"0x0001";"0x0000000F";"0x0000";"0x00000000";"      ";"      ";"0x0000";"0x0000";"0x0000";"0x0000";"0x0000";"0x0000";"0x0000000000000000000000000000000000000000000000000000"
"0x10";"GF0235";"0x0007";"F.D301.DSNDB2.DBD01.D2012219.H141850        ";"0x00";"0x0112219F";"0x0000000F";"0x000C";"0x270F";"D";"0x0000000000";"0x78048081";"3490    ";"0x0000000000000000000000000000000000000000000000000000000000000000000000000000000000000000";"0x0007";"0x0001";"0x00";"0x00";"0x00";"0x00";"DSNUTIL ";"ICFCAT1X.AFM.S01                            ";"0x0001";"0x0000000F";"0x0000";"0x00000000";"      ";"      ";"0x0000";"0x0000";"0x0000";"0x0000";"0x0000";"0x0000";"0x0000000000000000000000000000000000000000000000000000"
"0x10";"GF0235";"0x000A";"F.D301.DSNDB2.DBD01.D2012219.H144005        ";"0x00";"0x0112219F";"0x0000000F";"0x000C";"0x270F";"D";"0x0000000000";"0x78048081";"3490    ";"0x0000000000000000000000000000000000000000000000000000000000000000000000000000000000000000";"0x000A";"0x0001";"0x00";"0x00";"0x00";"0x00";"DSNUTIL ";"ICFCAT1X.AFM.S01                            ";"0x0001";"0x0000000F";"0x0000";"0x00000000";"      ";"      ";"0x0000";"0x0000";"0x0000";"0x0000";"0x0000";"0x0000";"0x0000000000000000000000000000000000000000000000000000"
"0x10";"GF0235";"0x000D";"F.D301.DSNDB2.DBD01.D2012219.H150039        ";"0x00";"0x0112219F";"0x0000000F";"0x000C";"0x270F";"D";"0x0000000000";"0x78048081";"3490    ";"0x0000000000000000000000000000000000000000000000000000000000000000000000000000000000000000";"0x000D";"0x0001";"0x00";"0x00";"0x00";"0x00";"DSNUTIL ";"ICFCAT1X.AFM.S01                            ";"0x0001";"0x0000000F";"0x0000";"0x00000000";"      ";"      ";"0x0000";"0x0000";"0x0000";"0x0000";"0x0000";"0x0000";"0x0000000000000000000000000000000000000000000000000000"
"0x10";"GF0235";"0x0010";"F.D301.DSNDB2.DBD01.D2012219.H183002        ";"0x00";"0x0112219F";"0x0000000F";"0x000C";"0x270F";"D";"0x0000000000";"0x78048081";"3490    ";"0x0000000000000000000000000000000000000000000000000000000000000000000000000000000000000000";"0x0010";"0x0001";"0x00";"0x00";"0x00";"0x00";"DSNUTIL ";"ICFCAT1X.AFM.S01                            ";"0x0001";"0x0000000F";"0x0000";"0x00000000";"      ";"      ";"0x0000";"0x0000";"0x0000";"0x0000";"0x0000";"0x0000";"0x0000000000000000000000000000000000000000000000000000"
"0x10";"GF0235";"0x0005";"F.D301.DSNDB2.SCT02.D2012219.H135752        ";"0x00";"0x0112219F";"0x0000000F";"0x000C";"0x270F";"D";"0x0000000000";"0x78048081";"3490    ";"0x0000000000000000000000000000000000000000000000000000000000000000000000000000000000000000";"0x0005";"0x0001";"0x00";"0x00";"0x00";"0x00";"DSNUTIL ";"ICFCAT1X.AFM.S01                            ";"0x0001";"0x0000000F";"0x0000";"0x00000000";"      ";"      ";"0x0000";"0x0000";"0x0000";"0x0000";"0x0000";"0x0000";"0x0000000000000000000000000000000000000000000000000000"
"0x10";"GF0235";"0x0008";"F.D301.DSNDB2.SCT02.D2012219.H141951        ";"0x00";"0x0112219F";"0x0000000F";"0x000C";"0x270F";"D";"0x0000000000";"0x78048081";"3490    ";"0x0000000000000000000000000000000000000000000000000000000000000000000000000000000000000000";"0x0008";"0x0001";"0x00";"0x00";"0x00";"0x00";"DSNUTIL ";"ICFCAT1X.AFM.S01                            ";"0x0001";"0x0000000F";"0x0000";"0x00000000";"      ";"      ";"0x0000";"0x0000";"0x0000";"0x0000";"0x0000";"0x0000";"0x0000000000000000000000000000000000000000000000000000"
"0x10";"GF0235";"0x000B";"F.D301.DSNDB2.SCT02.D2012219.H144046        ";"0x00";"0x0112219F";"0x0000000F";"0x000C";"0x270F";"D";"0x0000000000";"0x78048081";"3490    ";"0x0000000000000000000000000000000000000000000000000000000000000000000000000000000000000000";"0x000B";"0x0001";"0x00";"0x00";"0x00";"0x00";"DSNUTIL ";"ICFCAT1X.AFM.S01                            ";"0x0001";"0x0000000F";"0x0000";"0x00000000";"      ";"      ";"0x0000";"0x0000";"0x0000";"0x0000";"0x0000";"0x0000";"0x0000000000000000000000000000000000000000000000000000"
"0x10";"GF0235";"0x000E";"F.D301.DSNDB2.SCT02.D2012219.H150123        ";"0x00";"0x0112219F";"0x0000000F";"0x000C";"0x270F";"D";"0x0000000000";"0x78048081";"3490    ";"0x0000000000000000000000000000000000000000000000000000000000000000000000000000000000000000";"0x000E";"0x0001";"0x00";"0x00";"0x00";"0x00";"DSNUTIL ";"ICFCAT1X.AFM.S01                            ";"0x0001";"0x0000000F";"0x0000";"0x00000000";"      ";"      ";"0x0000";"0x0000";"0x0000";"0x0000";"0x0000";"0x0000";"0x0000000000000000000000000000000000000000000000000000"
"0x10";"GF0235";"0x0011";"F.D301.DSNDB2.SCT02.D2012219.H183048        ";"0x00";"0x0112219F";"0x0000000F";"0x000C";"0x270F";"D";"0x0000000000";"0x78048081";"3490    ";"0x0000000000000000000000000000000000000000000000000000000000000000000000000000000000000000";"0x0011";"0x0001";"0x00";"0x00";"0x00";"0x00";"DSNUTIL ";"ICFCAT1X.AFM.S01                            ";"0x0001";"0x0000000F";"0x0000";"0x00000000";"      ";"      ";"0x0000";"0x0000";"0x0000";"0x0000";"0x0000";"0x0000";"0x0000000000000000000000000000000000000000000000000000"
"0x10";"GF0235";"0x0003";"F.D301.DSNDB2.SYSUTILX.D2012219.H135614     ";"0x00";"0x0112219F";"0x0000000F";"0x000C";"0x270F";"D";"0x0000000000";"0x78048081";"3490    ";"0x0000000000000000000000000000000000000000000000000000000000000000000000000000000000000000";"0x0003";"0x0001";"0x00";"0x00";"0x00";"0x00";"DSNUTIL ";"ICFCAT1X.AFM.S01                            ";"0x0001";"0x0000000F";"0x0000";"0x00000000";"      ";"      ";"0x0000";"0x0000";"0x0000";"0x0000";"0x0000";"0x0000";"0x0000000000000000000000000000000000000000000000000000"
"0x10";"GF0235";"0x0006";"F.D301.DSNDB2.SYSUTILX.D2012219.H141630     ";"0x00";"0x0112219F";"0x0000000F";"0x000C";"0x270F";"D";"0x0000000000";"0x78048081";"3490    ";"0x0000000000000000000000000000000000000000000000000000000000000000000000000000000000000000";"0x0006";"0x0001";"0x00";"0x00";"0x00";"0x00";"DSNUTIL ";"ICFCAT1X.AFM.S01                            ";"0x0001";"0x0000000F";"0x0000";"0x00000000";"      ";"      ";"0x0000";"0x0000";"0x0000";"0x0000";"0x0000";"0x0000";"0x0000000000000000000000000000000000000000000000000000"
"0x10";"GF0235";"0x0009";"F.D301.DSNDB2.SYSUTILX.D2012219.H143908     ";"0x00";"0x0112219F";"0x0000000F";"0x000C";"0x270F";"D";"0x0000000000";"0x78048081";"3490    ";"0x0000000000000000000000000000000000000000000000000000000000000000000000000000000000000000";"0x0009";"0x0001";"0x00";"0x00";"0x00";"0x00";"DSNUTIL ";"ICFCAT1X.AFM.S01                            ";"0x0001";"0x0000000F";"0x0000";"0x00000000";"      ";"      ";"0x0000";"0x0000";"0x0000";"0x0000";"0x0000";"0x0000";"0x0000000000000000000000000000000000000000000000000000"
"0x10";"GF0235";"0x000C";"F.D301.DSNDB2.SYSUTILX.D2012219.H145928     ";"0x00";"0x0112219F";"0x0000000F";"0x000C";"0x270F";"D";"0x0000000000";"0x78048081";"3490    ";"0x0000000000000000000000000000000000000000000000000000000000000000000000000000000000000000";"0x000C";"0x0001";"0x00";"0x00";"0x00";"0x00";"DSNUTIL ";"ICFCAT1X.AFM.S01                            ";"0x0001";"0x0000000F";"0x0000";"0x00000000";"      ";"      ";"0x0000";"0x0000";"0x0000";"0x0000";"0x0000";"0x0000";"0x0000000000000000000000000000000000000000000000000000"
"0x10";"GF0235";"0x000F";"F.D301.DSNDB2.SYSUTILX.D2012219.H182645     ";"0x00";"0x0112219F";"0x0000000F";"0x000C";"0x270F";"D";"0x0000000000";"0x78048081";"3490    ";"0x0000000000000000000000000000000000000000000000000000000000000000000000000000000000000000";"0x000F";"0x0001";"0x00";"0x00";"0x00";"0x00";"DSNUTIL ";"ICFCAT1X.AFM.S01                            ";"0x0001";"0x0000000F";"0x0000";"0x00000000";"      ";"      ";"0x0000";"0x0000";"0x0000";"0x0000";"0x0000";"0x0000";"0x0000000000000000000000000000000000000000000000000000"
"0x10";"GF0235";"0x0001";"F.D301.DSNTST.TESTE.BACEN.F001              ";"0x00";"0x0112219F";"0x0000000F";"0x000C";"0x270F";"D";"0x0000000000";"0x78048081";"3490    ";"0x0000000000000000000000000000000000000000000000000000000000000000000000000000000000000000";"0x0001";"0x0001";"0x00";"0x00";"0x00";"0x00";"TESTMF1 ";"ICFCAT1X.AFM.S01                            ";"0x0001";"0x0000000F";"0x0000";"0x00000000";"      ";"      ";"0x0000";"0x0000";"0x0000";"0x0000";"0x0000";"0x0000";"0x0000000000000000000000000000000000000000000000000000"
"0x10";"GF0235";"0x0002";"F.D301.DSNTST.TESTE.BACEN.F002              ";"0x00";"0x0112219F";"0x0000000F";"0x000C";"0x270F";"D";"0x0000000000";"0x78048081";"3490    ";"0x0000000000000000000000000000000000000000000000000000000000000000000000000000000000000000";"0x0002";"0x0001";"0x00";"0x00";"0x00";"0x00";"JUAREZ  ";"ICFCAT1X.AFM.S01                            ";"0x0001";"0x0162006F";"0x0000";"0x00000000";"      ";"      ";"0x0000";"0x0000";"0x0000";"0x0000";"0x0000";"0x0000";"0x0000000000000000000000000000000000000000000000000000"
"0x10";"GF0253";"0x0001";"F.TEST.JCLRET.NAOGDG                        ";"0x00";"0x0118092F";"0x0125365F";"0x0046";"0x00B4";"D";"0x0000000000";"0x78048081";"3490    ";"0x0000000000000000000000000000000000000000000000000000000000000000000000000000000000000000";"0x0001";"0x0001";"0x00";"0x00";"0x00";"0x00";"TESTMF1 ";"ICFCAT1X.AFM.S01                            ";"0x0001";"0x0140300F";"0x0000";"0x00000000";"      ";"      ";"0x0000";"0x0000";"0x0000";"0x0000";"0x0000";"0x0000";"0x0000000000000000000000000000000000000000000000000000"
"0x10";"GF0261";"0x0001";"DANIEL.F.TESTE.OUTROCAT.F002                ";"0x00";"0x0114223F";"0x0000000F";"0x0052";"0x270F";"D";"0x0000000000";"0x78048081";"3490    ";"0x0000000000000000000000000000000000000000000000000000000000000000000000000000000000000000";"0x0001";"0x0001";"0x00";"0x00";"0x00";"0x00";"TESTMF2 ";"CATALOG.GFSUSERS.S00                        ";"0x0001";"0x0170159F";"0x0000";"0x00000000";"      ";"      ";"0x0000";"0x0000";"0x0000";"0x0000";"0x0000";"0x0000";"0x0000000000000000000000000000000000000000000000000000"
"0x10";"GF0301";"0x0002";"F.DSNCAT.ARCHLOG1.A0000008                  ";"0x00";"0x0116173F";"0x0000000F";"0x000D";"0x270F";"D";"0x0000000000";"0x78048081";"3490    ";"0x0000000000000000000000000000000000000000000000000000000000000000000000000000000000000000";"0x0002";"0x0001";"0x00";"0x00";"0x00";"0x00";"DSNBMSTR";"ICFCAT1X.AFM.S01                            ";"0x0001";"0x0173923F";"0x0000";"0x00000000";"      ";"      ";"0x0000";"0x0000";"0x0000";"0x0000";"0x0000";"0x0000";"0x0000000000000000000000000000000000000000000000000000"
"0x10";"GF0301";"0x0001";"F.DSNCAT.ARCHLOG1.B0000008                  ";"0x00";"0x0116173F";"0x0000000F";"0x000D";"0x270F";"D";"0x0000000000";"0x78048081";"3490    ";"0x0000000000000000000000000000000000000000000000000000000000000000000000000000000000000000";"0x0001";"0x0001";"0x00";"0x00";"0x00";"0x00";"DSNBMSTR";"ICFCAT1X.AFM.S01                            ";"0x0001";"0x0173923F";"0x0000";"0x00000000";"      ";"      ";"0x0000";"0x0000";"0x0000";"0x0000";"0x0000";"0x0000";"0x0000000000000000000000000000000000000000000000000000"
"0x10";"GF0302";"0x0002";"F.DSNCAT.ARCHLOG2.A0000008                  ";"0x00";"0x0116173F";"0x0000000F";"0x000D";"0x270F";"D";"0x0000000000";"0x78048081";"3490    ";"0x0000000000000000000000000000000000000000000000000000000000000000000000000000000000000000";"0x0002";"0x0001";"0x00";"0x00";"0x00";"0x00";"DSNBMSTR";"ICFCAT1X.AFM.S01                            ";"0x0001";"0x0173931F";"0x0000";"0x00000000";"      ";"      ";"0x0000";"0x0000";"0x0000";"0x0000";"0x0000";"0x0000";"0x0000000000000000000000000000000000000000000000000000"
"0x10";"GF0302";"0x0001";"F.DSNCAT.ARCHLOG2.B0000008                  ";"0x00";"0x0116173F";"0x0000000F";"0x000D";"0x270F";"D";"0x0000000000";"0x78048081";"3490    ";"0x0000000000000000000000000000000000000000000000000000000000000000000000000000000000000000";"0x0001";"0x0001";"0x00";"0x00";"0x00";"0x00";"DSNBMSTR";"ICFCAT1X.AFM.S01                            ";"0x0001";"0x0173932F";"0x0000";"0x00000000";"      ";"      ";"0x0000";"0x0000";"0x0000";"0x0000";"0x0000";"0x0000";"0x0000000000000000000000000000000000000000000000000000"
"0x10";"GF0350";"0x0002";"F.DSNCAT.ARCHLOG1.A0000002                  ";"0x00";"0x0116055C";"0x0000000F";"0x000D";"0x270F";"D";"0x0000000000";"0x78048081";"3490    ";"0x0000000000000000000000000000000000000000000000000000000000000000000000000000000000000000";"0x0002";"0x0001";"0x00";"0x00";"0x00";"0x00";"        ";"ICFCAT1X.AFM.S01                            ";"0x0001";"0x0085329F";"0x0000";"0x00000000";"      ";"      ";"0x0000";"0x0000";"0x0000";"0x0000";"0x0000";"0x0000";"0x0000000000000000000000000000000000000000000000000000"
"0x10";"GF0350";"0x0001";"F.DSNCAT.ARCHLOG1.B0000002                  ";"0x00";"0x0116055C";"0x0000000F";"0x000D";"0x270F";"D";"0x0000000000";"0x78048081";"3490    ";"0x0000000000000000000000000000000000000000000000000000000000000000000000000000000000000000";"0x0001";"0x0001";"0x00";"0x00";"0x00";"0x00";"        ";"ICFCAT1X.AFM.S01                            ";"0x0001";"0x0085329F";"0x0000";"0x00000000";"      ";"      ";"0x0000";"0x0000";"0x0000";"0x0000";"0x0000";"0x0000";"0x0000000000000000000000000000000000000000000000000000"
"0x10";"GF0351";"0x0002";"F.DSNCAT.ARCHLOG2.A0000002                  ";"0x00";"0x0116055C";"0x0000000F";"0x000D";"0x270F";"D";"0x0000000000";"0x78048081";"3490    ";"0x0000000000000000000000000000000000000000000000000000000000000000000000000000000000000000";"0x0002";"0x0001";"0x00";"0x00";"0x00";"0x00";"        ";"ICFCAT1X.AFM.S01                            ";"0x0001";"0x0085329F";"0x0000";"0x00000000";"      ";"      ";"0x0000";"0x0000";"0x0000";"0x0000";"0x0000";"0x0000";"0x0000000000000000000000000000000000000000000000000000"
"0x10";"GF0351";"0x0001";"F.DSNCAT.ARCHLOG2.B0000002                  ";"0x00";"0x0116055C";"0x0000000F";"0x000D";"0x270F";"D";"0x0000000000";"0x78048081";"3490    ";"0x0000000000000000000000000000000000000000000000000000000000000000000000000000000000000000";"0x0001";"0x0001";"0x00";"0x00";"0x00";"0x00";"        ";"ICFCAT1X.AFM.S01                            ";"0x0001";"0x0085329F";"0x0000";"0x00000000";"      ";"      ";"0x0000";"0x0000";"0x0000";"0x0000";"0x0000";"0x0000";"0x0000000000000000000000000000000000000000000000000000"
"0x10";"GF0360";"0x0002";"F.DSNCAT.ARCHLOG1.A0000005                  ";"0x00";"0x0116137F";"0x0000000F";"0x000D";"0x270F";"D";"0x0000000000";"0x78048081";"3490    ";"0x0000000000000000000000000000000000000000000000000000000000000000000000000000000000000000";"0x0002";"0x0001";"0x00";"0x00";"0x00";"0x00";"DSNBMSTR";"ICFCAT1X.AFM.S01                            ";"0x0001";"0x0115837F";"0x0000";"0x00000000";"      ";"      ";"0x0000";"0x0000";"0x0000";"0x0000";"0x0000";"0x0000";"0x0000000000000000000000000000000000000000000000000000"
"0x10";"GF0360";"0x0001";"F.DSNCAT.ARCHLOG1.B0000005                  ";"0x00";"0x0116137F";"0x0000000F";"0x000D";"0x270F";"D";"0x0000000000";"0x78048081";"3490    ";"0x0000000000000000000000000000000000000000000000000000000000000000000000000000000000000000";"0x0001";"0x0001";"0x00";"0x00";"0x00";"0x00";"DSNBMSTR";"ICFCAT1X.AFM.S01                            ";"0x0001";"0x0115837F";"0x0000";"0x00000000";"      ";"      ";"0x0000";"0x0000";"0x0000";"0x0000";"0x0000";"0x0000";"0x0000000000000000000000000000000000000000000000000000"
"0x10";"GF0361";"0x0002";"F.DSNCAT.ARCHLOG2.A0000005                  ";"0x00";"0x0116137F";"0x0000000F";"0x000D";"0x270F";"D";"0x0000000000";"0x78048081";"3490    ";"0x0000000000000000000000000000000000000000000000000000000000000000000000000000000000000000";"0x0002";"0x0001";"0x00";"0x00";"0x00";"0x00";"DSNBMSTR";"ICFCAT1X.AFM.S01                            ";"0x0001";"0x0115846F";"0x0000";"0x00000000";"      ";"      ";"0x0000";"0x0000";"0x0000";"0x0000";"0x0000";"0x0000";"0x0000000000000000000000000000000000000000000000000000"
"0x10";"GF0361";"0x0001";"F.DSNCAT.ARCHLOG2.B0000005                  ";"0x00";"0x0116137F";"0x0000000F";"0x000D";"0x270F";"D";"0x0000000000";"0x78048081";"3490    ";"0x0000000000000000000000000000000000000000000000000000000000000000000000000000000000000000";"0x0001";"0x0001";"0x00";"0x00";"0x00";"0x00";"DSNBMSTR";"ICFCAT1X.AFM.S01                            ";"0x0001";"0x0115846F";"0x0000";"0x00000000";"      ";"      ";"0x0000";"0x0000";"0x0000";"0x0000";"0x0000";"0x0000";"0x0000000000000000000000000000000000000000000000000000"
"0x10";"GF0446";"0x0002";"F.DSNCAT.ARCHLOG1.A0000003                  ";"0x00";"0x0116137F";"0x0000000F";"0x000D";"0x270F";"D";"0x0000000000";"0x78048081";"3490    ";"0x0000000000000000000000000000000000000000000000000000000000000000000000000000000000000000";"0x0002";"0x0001";"0x00";"0x00";"0x00";"0x00";"DSNBMSTR";"ICFCAT1X.AFM.S01                            ";"0x0001";"0x0115346F";"0x0000";"0x00000000";"      ";"      ";"0x0000";"0x0000";"0x0000";"0x0000";"0x0000";"0x0000";"0x0000000000000000000000000000000000000000000000000000"
"0x10";"GF0446";"0x0001";"F.DSNCAT.ARCHLOG1.B0000003                  ";"0x00";"0x0116137F";"0x0000000F";"0x000D";"0x270F";"D";"0x0000000000";"0x78048081";"3490    ";"0x0000000000000000000000000000000000000000000000000000000000000000000000000000000000000000";"0x0001";"0x0001";"0x00";"0x00";"0x00";"0x00";"DSNBMSTR";"ICFCAT1X.AFM.S01                            ";"0x0001";"0x0115346F";"0x0000";"0x00000000";"      ";"      ";"0x0000";"0x0000";"0x0000";"0x0000";"0x0000";"0x0000";"0x0000000000000000000000000000000000000000000000000000"
"0x10";"GF0447";"0x0002";"F.DSNCAT.ARCHLOG2.A0000003                  ";"0x00";"0x0116137F";"0x0000000F";"0x000D";"0x270F";"D";"0x0000000000";"0x78048081";"3490    ";"0x0000000000000000000000000000000000000000000000000000000000000000000000000000000000000000";"0x0002";"0x0001";"0x00";"0x00";"0x00";"0x00";"DSNBMSTR";"ICFCAT1X.AFM.S01                            ";"0x0001";"0x0115355F";"0x0000";"0x00000000";"      ";"      ";"0x0000";"0x0000";"0x0000";"0x0000";"0x0000";"0x0000";"0x0000000000000000000000000000000000000000000000000000"
"0x10";"GF0447";"0x0001";"F.DSNCAT.ARCHLOG2.B0000003                  ";"0x00";"0x0116137F";"0x0000000F";"0x000D";"0x270F";"D";"0x0000000000";"0x78048081";"3490    ";"0x0000000000000000000000000000000000000000000000000000000000000000000000000000000000000000";"0x0001";"0x0001";"0x00";"0x00";"0x00";"0x00";"DSNBMSTR";"ICFCAT1X.AFM.S01                            ";"0x0001";"0x0115355F";"0x0000";"0x00000000";"      ";"      ";"0x0000";"0x0000";"0x0000";"0x0000";"0x0000";"0x0000";"0x0000000000000000000000000000000000000000000000000000"
"0x10";"GF0448";"0x0002";"F.DSNCAT.ARCHLOG1.A0000004                  ";"0x00";"0x0116137F";"0x0000000F";"0x000D";"0x270F";"D";"0x0000000000";"0x78048081";"3490    ";"0x0000000000000000000000000000000000000000000000000000000000000000000000000000000000000000";"0x0002";"0x0001";"0x00";"0x00";"0x00";"0x00";"DSNBMSTR";"ICFCAT1X.AFM.S01                            ";"0x0001";"0x0115545F";"0x0000";"0x00000000";"      ";"      ";"0x0000";"0x0000";"0x0000";"0x0000";"0x0000";"0x0000";"0x0000000000000000000000000000000000000000000000000000"
"0x10";"GF0448";"0x0001";"F.DSNCAT.ARCHLOG1.B0000004                  ";"0x00";"0x0116137F";"0x0000000F";"0x000D";"0x270F";"D";"0x0000000000";"0x78048081";"3490    ";"0x0000000000000000000000000000000000000000000000000000000000000000000000000000000000000000";"0x0001";"0x0001";"0x00";"0x00";"0x00";"0x00";"DSNBMSTR";"ICFCAT1X.AFM.S01                            ";"0x0001";"0x0115545F";"0x0000";"0x00000000";"      ";"      ";"0x0000";"0x0000";"0x0000";"0x0000";"0x0000";"0x0000";"0x0000000000000000000000000000000000000000000000000000"
"0x10";"GF0449";"0x0002";"F.DSNCAT.ARCHLOG2.A0000004                  ";"0x00";"0x0116137F";"0x0000000F";"0x000D";"0x270F";"D";"0x0000000000";"0x78048081";"3490    ";"0x0000000000000000000000000000000000000000000000000000000000000000000000000000000000000000";"0x0002";"0x0001";"0x00";"0x00";"0x00";"0x00";"DSNBMSTR";"ICFCAT1X.AFM.S01                            ";"0x0001";"0x0115554F";"0x0000";"0x00000000";"      ";"      ";"0x0000";"0x0000";"0x0000";"0x0000";"0x0000";"0x0000";"0x0000000000000000000000000000000000000000000000000000"
"0x10";"GF0449";"0x0001";"F.DSNCAT.ARCHLOG2.B0000004                  ";"0x00";"0x0116137F";"0x0000000F";"0x000D";"0x270F";"D";"0x0000000000";"0x78048081";"3490    ";"0x0000000000000000000000000000000000000000000000000000000000000000000000000000000000000000";"0x0001";"0x0001";"0x00";"0x00";"0x00";"0x00";"DSNBMSTR";"ICFCAT1X.AFM.S01                            ";"0x0001";"0x0115554F";"0x0000";"0x00000000";"      ";"      ";"0x0000";"0x0000";"0x0000";"0x0000";"0x0000";"0x0000";"0x0000000000000000000000000000000000000000000000000000"
"0x10";"GF0450";"0x0001";"F.CRIAV300.GF0450.F00001                    ";"0x00";"0x0116061F";"0x0000000F";"0x0052";"0x270F";"D";"0x0000000000";"0x78048081";"3490    ";"0x0000000000000000000000000000000000000000000000000000000000000000000000000000000000000000";"0x0001";"0x0001";"0x00";"0x00";"0x00";"0x00";"GFSRECMX";"ICFCAT1X.AFM.S01                            ";"0x0001";"0x0103904F";"0x0000";"0x00000000";"      ";"      ";"0x0000";"0x0000";"0x0000";"0x0000";"0x0000";"0x0000";"0x0000000000000000000000000000000000000000000000000000"
"0x10";"GF0450";"0x0002";"F.CRIAV300.GF0450.F00002                    ";"0x00";"0x0116061F";"0x0000000F";"0x0052";"0x270F";"D";"0x0000000000";"0x78048081";"3490    ";"0x0000000000000000000000000000000000000000000000000000000000000000000000000000000000000000";"0x0002";"0x0001";"0x00";"0x00";"0x00";"0x00";"GFSRECMX";"ICFCAT1X.AFM.S01                            ";"0x0001";"0x0103907F";"0x0000";"0x00000000";"      ";"      ";"0x0000";"0x0000";"0x0000";"0x0000";"0x0000";"0x0000";"0x0000000000000000000000000000000000000000000000000000"
"0x10";"GF0451";"0x0001";"F.ANDRE.TEST.F00001                         ";"0x00";"0x0113178F";"0x0000000F";"0x0052";"0x270F";"D";"0x0000000000";"0x78048081";"3490    ";"0x0000000000000000000000000000000000000000000000000000000000000000000000000000000000000000";"0x0001";"0x0001";"0x00";"0x00";"0x00";"0x00";"ANDTEST1";"ICFCAT1X.AFM.S01                            ";"0x0001";"0x0100645F";"0x0000";"0x00000000";"      ";"      ";"0x0000";"0x0000";"0x0000";"0x0000";"0x0000";"0x0000";"0x0000000000000000000000000000000000000000000000000000"
"0x10";"GF0451";"0x0002";"F.ANDRE.TEST.F00002                         ";"0x00";"0x0113178F";"0x0000000F";"0x0052";"0x270F";"D";"0x0000000000";"0x78048081";"3490    ";"0x0000000000000000000000000000000000000000000000000000000000000000000000000000000000000000";"0x0002";"0x0001";"0x00";"0x00";"0x00";"0x00";"TESTIEXD";"ICFCAT1X.AFM.S01                            ";"0x0001";"0x0103450F";"0x0000";"0x00000000";"      ";"      ";"0x0000";"0x0000";"0x0000";"0x0000";"0x0000";"0x0000";"0x0000000000000000000000000000000000000000000000000000"
"0x10";"GF0451";"0x0003";"F.ANDRE.TEST.F00003G                        ";"0x00";"0x0113178F";"0x0000000F";"0x0052";"0x270F";"D";"0x0000000000";"0x78048081";"3490    ";"0x0000000000000000000000000000000000000000000000000000000000000000000000000000000000000000";"0x0003";"0x0001";"0x00";"0x00";"0x00";"0x00";"TESTIEXD";"ICFCAT1X.AFM.S01                            ";"0x0001";"0x0120154F";"0x0000";"0x00000000";"      ";"      ";"0x0000";"0x0000";"0x0000";"0x0000";"0x0000";"0x0000";"0x0000000000000000000000000000000000000000000000000000"
"0x10";"GF0519";"0x0002";"F.DSNCAT.ARCHLOG1.A0000006                  ";"0x00";"0x0116173F";"0x0000000F";"0x000D";"0x270F";"D";"0x0000000000";"0x78048081";"3490    ";"0x0000000000000000000000000000000000000000000000000000000000000000000000000000000000000000";"0x0002";"0x0001";"0x00";"0x00";"0x00";"0x00";"DSNBMSTR";"ICFCAT1X.AFM.S01                            ";"0x0001";"0x0173256F";"0x0000";"0x00000000";"      ";"      ";"0x0000";"0x0000";"0x0000";"0x0000";"0x0000";"0x0000";"0x0000000000000000000000000000000000000000000000000000"
"0x10";"GF0519";"0x0001";"F.DSNCAT.ARCHLOG1.B0000006                  ";"0x00";"0x0116173F";"0x0000000F";"0x000D";"0x270F";"D";"0x0000000000";"0x78048081";"3490    ";"0x0000000000000000000000000000000000000000000000000000000000000000000000000000000000000000";"0x0001";"0x0001";"0x00";"0x00";"0x00";"0x00";"DSNBMSTR";"ICFCAT1X.AFM.S01                            ";"0x0001";"0x0173256F";"0x0000";"0x00000000";"      ";"      ";"0x0000";"0x0000";"0x0000";"0x0000";"0x0000";"0x0000";"0x0000000000000000000000000000000000000000000000000000"
"0x10";"GF0523";"0x0002";"F.DSNCAT.ARCHLOG2.A0000006                  ";"0x00";"0x0116173F";"0x0000000F";"0x000D";"0x270F";"D";"0x0000000000";"0x78048081";"3490    ";"0x0000000000000000000000000000000000000000000000000000000000000000000000000000000000000000";"0x0002";"0x0001";"0x00";"0x00";"0x00";"0x00";"DSNBMSTR";"ICFCAT1X.AFM.S01                            ";"0x0001";"0x0173305F";"0x0000";"0x00000000";"      ";"      ";"0x0000";"0x0000";"0x0000";"0x0000";"0x0000";"0x0000";"0x0000000000000000000000000000000000000000000000000000"
"0x10";"GF0523";"0x0001";"F.DSNCAT.ARCHLOG2.B0000006                  ";"0x00";"0x0116173F";"0x0000000F";"0x000D";"0x270F";"D";"0x0000000000";"0x78048081";"3490    ";"0x0000000000000000000000000000000000000000000000000000000000000000000000000000000000000000";"0x0001";"0x0001";"0x00";"0x00";"0x00";"0x00";"DSNBMSTR";"ICFCAT1X.AFM.S01                            ";"0x0001";"0x0173305F";"0x0000";"0x00000000";"      ";"      ";"0x0000";"0x0000";"0x0000";"0x0000";"0x0000";"0x0000";"0x0000000000000000000000000000000000000000000000000000"
"0x10";"GF0524";"0x0002";"F.DSNCAT.ARCHLOG1.A0000007                  ";"0x00";"0x0116173F";"0x0000000F";"0x000D";"0x270F";"D";"0x0000000000";"0x78048081";"3490    ";"0x0000000000000000000000000000000000000000000000000000000000000000000000000000000000000000";"0x0002";"0x0001";"0x00";"0x00";"0x00";"0x00";"DSNBMSTR";"ICFCAT1X.AFM.S01                            ";"0x0001";"0x0173632F";"0x0000";"0x00000000";"      ";"      ";"0x0000";"0x0000";"0x0000";"0x0000";"0x0000";"0x0000";"0x0000000000000000000000000000000000000000000000000000"
"0x10";"GF0524";"0x0001";"F.DSNCAT.ARCHLOG1.B0000007                  ";"0x00";"0x0116173F";"0x0000000F";"0x000D";"0x270F";"D";"0x0000000000";"0x78048081";"3490    ";"0x0000000000000000000000000000000000000000000000000000000000000000000000000000000000000000";"0x0001";"0x0001";"0x00";"0x00";"0x00";"0x00";"DSNBMSTR";"ICFCAT1X.AFM.S01                            ";"0x0001";"0x0173632F";"0x0000";"0x00000000";"      ";"      ";"0x0000";"0x0000";"0x0000";"0x0000";"0x0000";"0x0000";"0x0000000000000000000000000000000000000000000000000000"
"0x10";"GF0525";"0x0002";"F.DSNCAT.ARCHLOG2.A0000007                  ";"0x00";"0x0116173F";"0x0000000F";"0x000D";"0x270F";"D";"0x0000000000";"0x78048081";"3490    ";"0x0000000000000000000000000000000000000000000000000000000000000000000000000000000000000000";"0x0002";"0x0001";"0x00";"0x00";"0x00";"0x00";"DSNBMSTR";"ICFCAT1X.AFM.S01                            ";"0x0001";"0x0173641F";"0x0000";"0x00000000";"      ";"      ";"0x0000";"0x0000";"0x0000";"0x0000";"0x0000";"0x0000";"0x0000000000000000000000000000000000000000000000000000"
"0x10";"GF0525";"0x0001";"F.DSNCAT.ARCHLOG2.B0000007                  ";"0x00";"0x0116173F";"0x0000000F";"0x000D";"0x270F";"D";"0x0000000000";"0x78048081";"3490    ";"0x0000000000000000000000000000000000000000000000000000000000000000000000000000000000000000";"0x0001";"0x0001";"0x00";"0x00";"0x00";"0x00";"DSNBMSTR";"ICFCAT1X.AFM.S01                            ";"0x0001";"0x0173641F";"0x0000";"0x00000000";"      ";"      ";"0x0000";"0x0000";"0x0000";"0x0000";"0x0000";"0x0000";"0x0000000000000000000000000000000000000000000000000000"
"0x10";"GF0602";"0x0001";"F.BACKUP.GFS1B.DBM.D161019.DUMP             ";"0x00";"0x0116293F";"0x0000000F";"0x000F";"0x270F";"D";"0x0000000000";"0x78048081";"3490    ";"0x0000000000000000000000000000000000000000000000000000000000000000000000000000000000000000";"0x0001";"0x0001";"0x00";"0x00";"0x00";"0x00";"ADRDMP1 ";"ICFCAT1X.AFM.S01                            ";"0x0001";"0x0173643F";"0x0000";"0x00000000";"      ";"      ";"0x0000";"0x0000";"0x0000";"0x0000";"0x0000";"0x0000";"0x0000000000000000000000000000000000000000000000000000"
"0x20";"GF0610";"0x0000";"HSM.OCDEMPTYT                               ";"0x00";"0x0124169F";"0x0000000C";"0x004D";"0x270F";"D";"0x0000000000";"0x78048081";"3490    ";"0x0000000000000000000000000000000000000000000000000000000000000000000000000000000000000000";"0x0000";"0x0001";"0x00";"0x00";"0x00";"0x00";"DFHSM   ";"HSM.OCDS                                    ";"0x0001";"0x0100149F";"0x0000";"0x00000000";"      ";"      ";"0x0000";"0x0000";"0x0000";"0x0000";"0x0000";"0x0000";"0x0000000000000000000000000000000000000000000000000000"
